,home_team,away_team,home_conference,away_conference,home_points,away_points,home_win
0,Charlotte,Buffalo,Conference USA,Mid-American,9,31,0
1,Kent State,Utah State,Mid-American,Mountain West,51,41,1
2,San Diego State,Central Michigan,Mountain West,Mid-American,48,11,1
3,Georgia Southern,Liberty,Sun Belt,FBS Independents,16,23,0
4,Florida Atlantic,SMU,Conference USA,American Athletic,52,28,1
5,Arkansas State,Florida International,Sun Belt,Conference USA,34,26,1
6,Washington,Boise State,Pac-12,Mountain West,38,7,1
7,UAB,Appalachian State,Conference USA,Sun Belt,17,31,0
8,Marshall,UCF,Conference USA,American Athletic,25,48,0
9,BYU,Hawai'i,FBS Independents,Mountain West,34,38,0
10,Miami,Louisiana Tech,ACC,Conference USA,0,14,0
11,Eastern Michigan,Pittsburgh,Mid-American,ACC,30,34,0
12,Temple,North Carolina,American Athletic,ACC,13,55,0
13,Wake Forest,Michigan State,ACC,Big Ten,21,27,0
14,Texas A&M,Oklahoma State,SEC,Big 12,24,21,1
15,Iowa,USC,Big Ten,Pac-12,49,24,1
16,Washington State,Air Force,Pac-12,Mountain West,21,31,0
17,Penn State,Memphis,Big Ten,American Athletic,53,39,1
18,Iowa State,Notre Dame,Big 12,FBS Independents,9,33,0
19,LSU,Oklahoma,SEC,Big 12,63,28,1
20,Ohio State,Clemson,Big Ten,ACC,23,29,0
21,Western Michigan,Western Kentucky,Mid-American,Conference USA,20,23,0
22,Illinois,California,Big Ten,Pac-12,20,35,0
23,Louisville,Mississippi State,ACC,SEC,38,28,1
24,Virginia,Florida,ACC,SEC,28,36,0
25,Kentucky,Virginia Tech,SEC,ACC,37,30,1
26,Arizona State,Florida State,Pac-12,ACC,20,14,1
27,Kansas State,Navy,Big 12,American Athletic,17,20,0
28,Georgia State,Wyoming,Sun Belt,Mountain West,17,38,0
29,Texas,Utah,Big 12,Pac-12,38,10,1
30,Auburn,Minnesota,SEC,Big Ten,24,31,0
31,Alabama,Michigan,SEC,Big Ten,35,16,1
32,Wisconsin,Oregon,Big Ten,Pac-12,27,28,0
33,Baylor,Georgia,Big 12,SEC,14,26,0
34,Cincinnati,Boston College,American Athletic,ACC,38,6,1
35,Tennessee,Indiana,SEC,Big Ten,23,22,1
36,Nevada,Ohio,Mountain West,Mid-American,21,30,0
37,Tulane,Southern Mississippi,American Athletic,Conference USA,30,13,1
38,Miami (OH),Louisiana,Mid-American,Sun Belt,17,27,0
39,LSU,Clemson,SEC,ACC,42,25,1
