,home_team,away_team,home_conference,away_conference,home_points,away_points,home_win
0,North Texas,Appalachian State,Conference USA,Sun Belt,28,56,0
1,Nevada,Tulane,Mountain West,American Athletic,38,27,1
2,BYU,UCF,FBS Independents,American Athletic,49,23,1
3,Georgia Southern,Louisiana Tech,Sun Belt,Conference USA,38,3,1
4,Florida Atlantic,Memphis,Conference USA,American Athletic,10,25,0
5,Houston,Hawai'i,American Athletic,Mountain West,14,28,0
6,Buffalo,Marshall,Mid-American,Conference USA,17,10,1
7,Georgia State,Western Kentucky,Sun Belt,Conference USA,39,21,1
8,UT San Antonio,Louisiana,Conference USA,Sun Belt,24,31,0
9,Coastal Carolina,Liberty,Sun Belt,FBS Independents,34,37,0
10,Miami,Oklahoma State,ACC,Big 12,34,37,0
11,Colorado,Texas,Pac-12,Big 12,23,55,0
12,Wisconsin,Wake Forest,Big Ten,ACC,42,28,1
13,Oklahoma,Florida,Big 12,SEC,55,20,1
14,Mississippi State,Tulsa,SEC,American Athletic,28,26,1
15,San José State,Ball State,Mountain West,Mid-American,13,34,0
16,Army,West Virginia,FBS Independents,Big 12,21,24,0
17,Georgia,Cincinnati,SEC,American Athletic,24,21,1
18,Northwestern,Auburn,Big Ten,SEC,35,19,1
19,Alabama,Notre Dame,SEC,FBS Independents,31,14,1
20,Clemson,Ohio State,ACC,Big Ten,28,49,0
21,Kentucky,NC State,SEC,ACC,23,21,1
22,Indiana,Ole Miss,Big Ten,SEC,20,26,0
23,Iowa State,Oregon,Big 12,Pac-12,34,17,1
24,North Carolina,Texas A&M,ACC,SEC,27,41,0
25,Alabama,Ohio State,SEC,Big Ten,52,24,1
