,home_team,away_team,home_conference,away_conference,home_points,away_points,home_win
0,UT San Antonio,New Mexico,Conference USA,Mountain West,20,23,0
1,San Diego State,Houston,Mountain West,American Athletic,34,10,1
2,UCF,Arkansas State,American Athletic,Sun Belt,13,31,0
3,Toledo,Appalachian State,Mid-American,Sun Belt,28,31,0
4,Louisiana,Southern Mississippi,Sun Belt,Conference USA,21,28,0
5,Tulsa,Central Michigan,American Athletic,Mid-American,55,10,1
6,Western Kentucky,Memphis,Conference USA,American Athletic,51,31,1
7,Wyoming,BYU,Mountain West,FBS Independents,21,24,0
8,Colorado State,Idaho,Mountain West,Sun Belt,50,61,0
9,Old Dominion,Eastern Michigan,Conference USA,Mid-American,24,20,1
10,Navy,Louisiana Tech,American Athletic,Conference USA,45,48,0
11,Troy,Ohio,Sun Belt,Mid-American,28,23,1
12,Middle Tennessee,Hawai'i,Conference USA,Mountain West,35,52,0
13,Mississippi State,Miami (OH),SEC,Mid-American,17,16,1
14,Boston College,Maryland,ACC,Big Ten,36,30,1
15,Vanderbilt,NC State,SEC,ACC,17,41,0
16,North Texas,Army,Conference USA,FBS Independents,31,38,0
17,Wake Forest,Temple,ACC,American Athletic,34,26,1
18,Washington State,Minnesota,Pac-12,Big Ten,12,17,0
19,Baylor,Boise State,Big 12,Mountain West,31,12,1
20,Northwestern,Pittsburgh,Big Ten,ACC,31,24,1
21,Miami,West Virginia,ACC,Big 12,31,14,1
22,Utah,Indiana,Pac-12,Big Ten,26,24,1
23,Kansas State,Texas A&M,Big 12,SEC,33,28,1
24,South Carolina,South Florida,SEC,American Athletic,39,46,0
25,Virginia Tech,Arkansas,ACC,SEC,35,24,1
26,Colorado,Oklahoma State,Pac-12,Big 12,8,38,0
27,TCU,Georgia,Big 12,SEC,23,31,0
28,North Carolina,Stanford,ACC,Pac-12,23,25,0
29,Tennessee,Nebraska,SEC,Big Ten,38,24,1
30,Air Force,South Alabama,Mountain West,Sun Belt,45,21,1
31,Florida State,Michigan,ACC,Big Ten,33,32,1
32,Kentucky,Georgia Tech,SEC,ACC,18,33,0
33,Louisville,LSU,ACC,SEC,9,29,0
34,Alabama,Washington,SEC,Pac-12,24,7,1
35,Clemson,Ohio State,ACC,Big Ten,31,0,1
36,Iowa,Florida,Big Ten,SEC,3,30,0
37,Wisconsin,Western Michigan,Big Ten,Mid-American,24,16,1
38,Penn State,USC,Big Ten,Pac-12,49,52,0
39,Oklahoma,Auburn,Big 12,SEC,35,19,1
40,Alabama,Clemson,SEC,ACC,31,35,0
