,home_team,away_team,home_conference,away_conference,home_points,away_points,home_win
0,Toledo,Middle Tennessee,Mid-American,Conference USA,24,31,0
1,Coastal Carolina,Northern Illinois,Sun Belt,Mid-American,47,41,1
2,Appalachian State,Western Kentucky,Sun Belt,Conference USA,38,59,0
3,Fresno State,UTEP,Mountain West,Conference USA,31,24,1
4,BYU,UAB,FBS Independents,Conference USA,28,31,0
5,Liberty,Eastern Michigan,FBS Independents,Mid-American,56,20,1
6,Oregon State,Utah State,Pac-12,Mountain West,13,24,0
7,Marshall,Louisiana,Conference USA,Sun Belt,21,36,0
8,Tulsa,Old Dominion,American Athletic,Conference USA,30,17,1
9,Wyoming,Kent State,Mountain West,Mid-American,52,38,1
10,San Diego State,UT San Antonio,Mountain West,Conference USA,38,24,1
11,Army,Missouri,FBS Independents,SEC,24,22,1
12,Miami (OH),North Texas,Mid-American,Conference USA,27,14,1
13,Florida,UCF,SEC,American Athletic,17,29,0
14,Ball State,Georgia State,Mid-American,Sun Belt,20,51,0
15,Nevada,Western Michigan,Mountain West,Mid-American,24,52,0
16,Auburn,Houston,SEC,American Athletic,13,17,0
17,Louisville,Air Force,ACC,Mountain West,28,31,0
18,Texas Tech,Mississippi State,Big 12,SEC,34,7,1
19,Minnesota,West Virginia,Big Ten,Big 12,18,6,1
20,Virginia Tech,Maryland,ACC,Big Ten,10,54,0
21,Iowa State,Clemson,Big 12,ACC,13,20,0
22,Oklahoma,Oregon,Big 12,Pac-12,47,32,1
23,South Carolina,North Carolina,SEC,ACC,38,21,1
24,Purdue,Tennessee,Big Ten,SEC,48,45,1
25,Michigan State,Pittsburgh,Big Ten,ACC,31,21,1
26,Arizona State,Wisconsin,Pac-12,Big Ten,13,20,0
27,Rutgers,Wake Forest,Big Ten,ACC,10,38,0
28,Central Michigan,Washington State,Mid-American,Pac-12,24,21,1
29,Alabama,Cincinnati,SEC,American Athletic,27,6,1
30,Michigan,Georgia,Big Ten,SEC,11,34,0
31,Arkansas,Penn State,SEC,Big Ten,24,10,1
32,Notre Dame,Oklahoma State,FBS Independents,Big 12,35,37,0
33,Kentucky,Iowa,SEC,Big Ten,20,17,1
34,Ohio State,Utah,Big Ten,Pac-12,48,45,1
35,Ole Miss,Baylor,SEC,Big 12,7,21,0
36,Kansas State,LSU,Big 12,SEC,42,20,1
37,Alabama,Georgia,SEC,SEC,18,33,0
