,home_team,away_team,home_conference,away_conference,home_points,away_points,home_win
0,Louisiana,Nevada,Sun Belt,Mountain West,16,3,1
1,UTEP,Utah State,Conference USA,Mountain West,6,21,0
2,Colorado State,Utah,Mountain West,Pac-12,10,45,0
3,Air Force,Western Michigan,Mountain West,Mid-American,38,24,1
4,Bowling Green,South Alabama,Mid-American,Sun Belt,33,28,1
5,Memphis,BYU,American Athletic,FBS Independents,55,48,1
6,Northern Illinois,Marshall,Mid-American,Conference USA,23,52,0
7,San Diego State,Navy,Mountain West,FBS Independents,16,17,0
8,Western Kentucky,Central Michigan,Conference USA,Mid-American,49,48,1
9,Rice,Fresno State,Conference USA,Mountain West,30,6,1
10,Louisiana Tech,Illinois,Conference USA,Big Ten,35,18,1
11,North Carolina,Rutgers,ACC,Big Ten,21,40,0
12,UCF,NC State,American Athletic,ACC,27,34,0
13,Virginia Tech,Cincinnati,ACC,American Athletic,33,17,1
14,Duke,Arizona State,ACC,Pac-12,31,36,0
15,South Carolina,Miami,SEC,ACC,24,21,1
16,Penn State,Boston College,Big Ten,ACC,31,30,1
17,USC,Nebraska,Pac-12,Big Ten,45,42,1
18,West Virginia,Texas A&M,Big 12,SEC,37,45,0
19,Clemson,Oklahoma,ACC,Big 12,40,6,1
20,Texas,Arkansas,Big 12,SEC,7,31,0
21,LSU,Notre Dame,SEC,FBS Independents,28,31,0
22,Louisville,Georgia,ACC,SEC,14,37,0
23,Stanford,Maryland,Pac-12,Big Ten,45,21,1
24,TCU,Ole Miss,Big 12,SEC,42,3,1
25,Arizona,Boise State,Pac-12,Mountain West,30,38,0
26,Georgia Tech,Mississippi State,ACC,SEC,49,34,1
27,Wisconsin,Auburn,Big Ten,SEC,34,31,1
28,Baylor,Michigan State,Big 12,Big Ten,41,42,0
29,Minnesota,Missouri,Big Ten,SEC,17,33,0
30,Florida State,Oregon,ACC,Pac-12,20,59,0
31,Ohio State,Alabama,Big Ten,SEC,42,35,1
32,Pittsburgh,Houston,ACC,American Athletic,34,35,0
33,Tennessee,Iowa,SEC,Big Ten,45,28,1
34,UCLA,Kansas State,Pac-12,Big 12,40,35,1
35,Oklahoma State,Washington,Big 12,Pac-12,30,22,1
36,Florida,East Carolina,SEC,American Athletic,28,20,1
37,Arkansas State,Toledo,Sun Belt,Mid-American,44,63,0
38,Ohio State,Oregon,Big Ten,Pac-12,42,20,1
