,home_team,away_team,home_conference,away_conference,home_points,away_points,home_win
0,New Mexico,Arizona,Mountain West,Pac-12,37,45,0
1,Utah,BYU,Pac-12,FBS Independents,35,28,1
2,Appalachian State,Ohio,Sun Belt,Mid-American,31,29,1
3,Georgia State,San José State,Sun Belt,Mountain West,16,27,0
4,Louisiana Tech,Arkansas State,Conference USA,Sun Belt,47,28,1
5,South Florida,Western Kentucky,American Athletic,Conference USA,35,45,0
6,Utah State,Akron,Mountain West,Mid-American,21,23,0
7,Toledo,Temple,Mid-American,American Athletic,32,17,1
8,Northern Illinois,Boise State,Mid-American,Mountain West,7,55,0
9,Bowling Green,Georgia Southern,Mid-American,Sun Belt,27,58,0
10,Western Michigan,Middle Tennessee,Mid-American,Conference USA,45,31,1
11,Cincinnati,San Diego State,American Athletic,Mountain West,7,42,0
12,Marshall,Connecticut,Conference USA,American Athletic,16,10,1
13,Washington State,Miami,Pac-12,ACC,20,14,1
14,Southern Mississippi,Washington,Conference USA,Pac-12,31,44,0
15,Duke,Indiana,ACC,Big Ten,44,41,1
16,Virginia Tech,Tulsa,ACC,American Athletic,55,52,1
17,Nebraska,UCLA,Big Ten,Pac-12,37,29,1
18,Navy,Pittsburgh,American Athletic,ACC,44,28,1
19,Minnesota,Central Michigan,Big Ten,Mid-American,21,14,1
20,Air Force,California,Mountain West,Pac-12,36,55,0
21,Baylor,North Carolina,Big 12,ACC,49,38,1
22,Colorado State,Nevada,Mountain West,Mountain West,23,28,0
23,Texas Tech,LSU,Big 12,SEC,27,56,0
24,Memphis,Auburn,American Athletic,SEC,10,31,0
25,Mississippi State,NC State,SEC,ACC,51,28,1
26,Louisville,Texas A&M,ACC,SEC,27,21,1
27,Wisconsin,USC,Big Ten,Pac-12,23,21,1
28,Florida State,Houston,ACC,American Athletic,24,38,0
29,Clemson,Oklahoma,ACC,Big 12,37,17,1
30,Alabama,Michigan State,SEC,Big Ten,38,0,1
31,Tennessee,Northwestern,SEC,Big Ten,45,6,1
32,Florida,Michigan,SEC,Big Ten,7,41,0
33,Ohio State,Notre Dame,Big Ten,FBS Independents,44,28,1
34,Iowa,Stanford,Big Ten,Pac-12,16,45,0
35,Ole Miss,Oklahoma State,SEC,Big 12,48,20,1
36,Georgia,Penn State,SEC,Big Ten,24,17,1
37,Arkansas,Kansas State,SEC,Big 12,45,23,1
38,TCU,Oregon,Big 12,Pac-12,47,41,1
39,Arizona State,West Virginia,Pac-12,Big 12,42,43,0
40,Clemson,Alabama,ACC,SEC,40,45,0
