,home_team,away_team,home_conference,away_conference,home_points,away_points,home_win
0,Louisiana,Tulane,Sun Belt,American Athletic,24,41,0
1,North Texas,Utah State,Conference USA,Mountain West,13,52,0
2,Fresno State,Arizona State,Mountain West,Pac-12,31,20,1
3,Eastern Michigan,Georgia Southern,Mid-American,Sun Belt,21,23,0
4,Appalachian State,Middle Tennessee,Sun Belt,Conference USA,45,13,1
5,Northern Illinois,UAB,Mid-American,Conference USA,13,37,0
6,Ohio,San Diego State,Mid-American,Mountain West,27,0,1
7,South Florida,Marshall,American Athletic,Conference USA,20,38,0
8,Toledo,Florida International,Mid-American,Conference USA,32,35,0
9,BYU,Western Michigan,FBS Independents,Mid-American,49,18,1
10,Wake Forest,Memphis,ACC,American Athletic,37,34,1
11,Army,Houston,FBS Independents,American Athletic,70,14,1
12,Troy,Buffalo,Sun Belt,Mid-American,42,32,1
13,Louisiana Tech,Hawai'i,Conference USA,Mountain West,31,14,1
14,Georgia Tech,Minnesota,ACC,Big Ten,10,34,0
15,TCU,California,Big 12,Pac-12,10,7,1
16,Duke,Temple,ACC,American Athletic,56,27,1
17,Wisconsin,Miami,Big Ten,ACC,35,3,1
18,Vanderbilt,Baylor,SEC,Big 12,38,45,0
19,Auburn,Purdue,SEC,Big Ten,63,14,1
20,Syracuse,West Virginia,ACC,Big 12,34,18,1
21,Washington State,Iowa State,Pac-12,Big 12,28,26,1
22,Virginia,South Carolina,ACC,SEC,28,0,1
23,Michigan,Florida,Big Ten,SEC,15,41,0
24,Nevada,Arkansas State,Mountain West,Sun Belt,16,13,1
25,Clemson,Notre Dame,ACC,FBS Independents,30,3,1
26,Alabama,Oklahoma,SEC,Big 12,45,34,1
27,Virginia Tech,Cincinnati,ACC,American Athletic,31,35,0
28,Pittsburgh,Stanford,ACC,Pac-12,13,14,0
29,Oregon,Michigan State,Pac-12,Big Ten,7,6,1
30,Oklahoma State,Missouri,Big 12,SEC,38,33,1
31,Utah,Northwestern,Pac-12,Big Ten,20,31,0
32,Texas A&M,NC State,SEC,ACC,52,13,1
33,Iowa,Mississippi State,Big Ten,SEC,27,22,1
34,Penn State,Kentucky,Big Ten,SEC,24,27,0
35,UCF,LSU,American Athletic,SEC,32,40,0
36,Ohio State,Washington,Big Ten,Pac-12,28,23,1
37,Georgia,Texas,SEC,Big 12,21,28,0
38,Alabama,Clemson,SEC,ACC,16,44,0
