,home_team,away_team,home_conference,away_conference,home_points,away_points,home_win
0,North Texas,Troy,Conference USA,Sun Belt,30,50,0
1,Georgia State,Western Kentucky,Sun Belt,Conference USA,27,17,1
2,Oregon,Boise State,Pac-12,Mountain West,28,38,0
3,Colorado State,Marshall,Mountain West,Conference USA,28,31,0
4,Arkansas State,Middle Tennessee,Sun Belt,Conference USA,30,35,0
5,Florida Atlantic,Akron,Conference USA,Mid-American,50,3,1
6,SMU,Louisiana Tech,American Athletic,Conference USA,10,51,0
7,Florida International,Temple,Conference USA,American Athletic,3,28,0
8,Ohio,UAB,Mid-American,Conference USA,41,6,1
9,Wyoming,Central Michigan,Mountain West,Mid-American,37,14,1
10,South Florida,Texas Tech,American Athletic,Big 12,38,34,1
11,Army,San Diego State,FBS Independents,Mountain West,42,35,1
12,Toledo,Appalachian State,Mid-American,Sun Belt,0,34,0
13,Houston,Fresno State,American Athletic,Mountain West,27,33,0
14,West Virginia,Utah,Big 12,Pac-12,14,30,0
15,Northern Illinois,Duke,Mid-American,ACC,14,36,0
16,UCLA,Kansas State,Pac-12,Big 12,17,35,0
17,Florida State,Southern Mississippi,ACC,Conference USA,42,13,1
18,Boston College,Iowa,ACC,Big Ten,20,27,0
19,Purdue,Arizona,Big Ten,Pac-12,38,35,1
20,Missouri,Texas,SEC,Big 12,16,33,0
21,Navy,Virginia,American Athletic,ACC,49,7,1
22,Oklahoma State,Virginia Tech,Big 12,ACC,30,21,1
23,Michigan State,Washington State,Big Ten,Pac-12,42,17,1
24,TCU,Stanford,Big 12,Pac-12,39,37,1
25,Texas A&M,Wake Forest,SEC,ACC,52,55,0
26,Arizona State,NC State,Pac-12,ACC,31,52,0
27,Northwestern,Kentucky,Big Ten,SEC,24,23,1
28,Utah State,New Mexico State,Mountain West,Sun Belt,20,26,0
29,Ohio State,USC,Big Ten,Pac-12,24,7,1
30,Mississippi State,Louisville,SEC,ACC,31,27,1
31,Memphis,Iowa State,American Athletic,Big 12,20,21,0
32,Penn State,Washington,Big Ten,Pac-12,35,28,1
33,Miami,Wisconsin,ACC,Big Ten,24,34,0
34,South Carolina,Michigan,SEC,Big Ten,26,19,1
35,Auburn,UCF,SEC,American Athletic,27,34,0
36,LSU,Notre Dame,SEC,FBS Independents,17,21,0
37,Oklahoma,Georgia,Big 12,SEC,48,54,0
38,Clemson,Alabama,ACC,SEC,6,24,0
39,Georgia,Alabama,SEC,SEC,23,26,0
